outcome,term,coef_std,se,p,method,n
SECI (exploit),Intercept,-0.552785,0.160011,0.000551,MixedLM (random intercept per seed),440
SECI (exploit),alpha,-0.949966,0.542417,0.0799,MixedLM (random intercept per seed),440
SECI (exploit),alpha2,3.12114,0.522425,2.31e-09,MixedLM (random intercept per seed),440
SECI (exploit),config,0.198112,0.164875,0.23,MixedLM (random intercept per seed),440
SECI (exploit),alpha:config,1.06848,0.767094,0.164,MixedLM (random intercept per seed),440
SECI (exploit),alpha2:config,-2.46175,0.738821,0.000862,MixedLM (random intercept per seed),440
SECI (explor),Intercept,0.291257,0.0291478,1.64e-23,OLS, seed-clustered SE (MixedLM fallback),440
SECI (explor),alpha,2.86084,0.328272,2.91e-18,OLS, seed-clustered SE (MixedLM fallback),440
SECI (explor),alpha2,-4.57979,0.534144,9.99e-18,OLS, seed-clustered SE (MixedLM fallback),440
SECI (explor),config,-0.0193507,0.0663016,0.77,OLS, seed-clustered SE (MixedLM fallback),440
SECI (explor),alpha:config,-0.932307,0.364282,0.0105,OLS, seed-clustered SE (MixedLM fallback),440
SECI (explor),alpha2:config,0.708575,0.660692,0.284,OLS, seed-clustered SE (MixedLM fallback),440
AECI-IE (exploit),Intercept,0.398998,0.263646,0.13,OLS, seed-clustered SE (MixedLM fallback),440
AECI-IE (exploit),alpha,-3.65038,0.503143,4.01e-13,OLS, seed-clustered SE (MixedLM fallback),440
AECI-IE (exploit),alpha2,4.27793,0.475415,2.29e-19,OLS, seed-clustered SE (MixedLM fallback),440
AECI-IE (exploit),config,0.0543865,0.345967,0.875,OLS, seed-clustered SE (MixedLM fallback),440
AECI-IE (exploit),alpha:config,0.443724,0.905917,0.624,OLS, seed-clustered SE (MixedLM fallback),440
AECI-IE (exploit),alpha2:config,-1.19547,0.816537,0.143,OLS, seed-clustered SE (MixedLM fallback),440
AECI-IE (explor),Intercept,0.0353866,0.149233,0.813,OLS, seed-clustered SE (MixedLM fallback),440
AECI-IE (explor),alpha,3.9804,0.430168,2.18e-20,OLS, seed-clustered SE (MixedLM fallback),440
AECI-IE (explor),alpha2,-6.00212,0.556144,3.74e-27,OLS, seed-clustered SE (MixedLM fallback),440
AECI-IE (explor),config,-0.274032,0.174296,0.116,OLS, seed-clustered SE (MixedLM fallback),440
AECI-IE (explor),alpha:config,-1.55414,0.601695,0.0098,OLS, seed-clustered SE (MixedLM fallback),440
AECI-IE (explor),alpha2:config,3.43261,0.885354,0.000106,OLS, seed-clustered SE (MixedLM fallback),440
AECI-IE-chan (exploit),Intercept,0.286655,0.228951,0.211,OLS, seed-clustered SE (MixedLM fallback),440
AECI-IE-chan (exploit),alpha,-2.78537,0.583374,1.8e-06,OLS, seed-clustered SE (MixedLM fallback),440
AECI-IE-chan (exploit),alpha2,3.73952,0.61218,1.01e-09,OLS, seed-clustered SE (MixedLM fallback),440
AECI-IE-chan (exploit),config,-0.199193,0.270055,0.461,OLS, seed-clustered SE (MixedLM fallback),440
AECI-IE-chan (exploit),alpha:config,1.18802,0.732101,0.105,OLS, seed-clustered SE (MixedLM fallback),440
AECI-IE-chan (exploit),alpha2:config,-2.28694,0.698791,0.00107,OLS, seed-clustered SE (MixedLM fallback),440
AECI-IE-chan (explor),Intercept,-0.436687,0.142875,0.00224,OLS, seed-clustered SE (MixedLM fallback),440
AECI-IE-chan (explor),alpha,6.45635,0.489114,8.76e-40,OLS, seed-clustered SE (MixedLM fallback),440
AECI-IE-chan (explor),alpha2,-7.94836,0.616121,4.46e-38,OLS, seed-clustered SE (MixedLM fallback),440
AECI-IE-chan (explor),config,-0.42455,0.143847,0.00316,OLS, seed-clustered SE (MixedLM fallback),440
AECI-IE-chan (explor),alpha:config,-1.05868,0.543389,0.0514,OLS, seed-clustered SE (MixedLM fallback),440
AECI-IE-chan (explor),alpha2:config,2.67077,0.688749,0.000105,OLS, seed-clustered SE (MixedLM fallback),440
SECI (population),Intercept,-0.363157,0.197899,0.0665,OLS, seed-clustered SE (MixedLM fallback),440
SECI (population),alpha,-0.702943,0.484307,0.147,OLS, seed-clustered SE (MixedLM fallback),440
SECI (population),alpha2,2.69302,0.600689,7.35e-06,OLS, seed-clustered SE (MixedLM fallback),440
SECI (population),config,0.0413308,0.215732,0.848,OLS, seed-clustered SE (MixedLM fallback),440
SECI (population),alpha:config,1.80484,0.678994,0.00786,OLS, seed-clustered SE (MixedLM fallback),440
SECI (population),alpha2:config,-3.99889,0.859762,3.3e-06,OLS, seed-clustered SE (MixedLM fallback),440
AECI-IE-chan (population),Intercept,-0.395551,0.149846,0.0083,OLS, seed-clustered SE (MixedLM fallback),440
AECI-IE-chan (population),alpha,3.75594,0.748414,5.21e-07,OLS, seed-clustered SE (MixedLM fallback),440
AECI-IE-chan (population),alpha2,-3.25469,0.960445,0.000702,OLS, seed-clustered SE (MixedLM fallback),440
AECI-IE-chan (population),config,-0.817527,0.198194,3.71e-05,OLS, seed-clustered SE (MixedLM fallback),440
AECI-IE-chan (population),alpha:config,0.939954,0.60216,0.119,OLS, seed-clustered SE (MixedLM fallback),440
AECI-IE-chan (population),alpha2:config,-0.9686,0.794784,0.223,OLS, seed-clustered SE (MixedLM fallback),440
MAE (exploit),Intercept,0.233397,0.200971,0.246,MixedLM (random intercept per seed),440
MAE (exploit),alpha,-0.929326,0.421334,0.0274,MixedLM (random intercept per seed),440
MAE (exploit),alpha2,1.37091,0.405805,0.000729,MixedLM (random intercept per seed),440
MAE (exploit),config,-0.54913,0.12807,1.81e-05,MixedLM (random intercept per seed),440
MAE (exploit),alpha:config,-0.101318,0.595856,0.865,MixedLM (random intercept per seed),440
MAE (exploit),alpha2:config,0.293383,0.573894,0.609,MixedLM (random intercept per seed),440
MAE (explor),Intercept,-0.911201,0.0496178,2.53e-75,MixedLM (random intercept per seed),440
MAE (explor),alpha,0.0848496,0.145339,0.559,MixedLM (random intercept per seed),440
MAE (explor),alpha2,2.99049,0.139982,2.92e-101,MixedLM (random intercept per seed),440
MAE (explor),config,-0.144086,0.0441775,0.00111,MixedLM (random intercept per seed),440
MAE (explor),alpha:config,-0.508818,0.20554,0.0133,MixedLM (random intercept per seed),440
MAE (explor),alpha2:config,0.122004,0.197964,0.538,MixedLM (random intercept per seed),440
Unmet needs,Intercept,0.776891,0.152727,3.64e-07,OLS, seed-clustered SE (MixedLM fallback),440
Unmet needs,alpha,-7.50343,0.613468,2.12e-34,OLS, seed-clustered SE (MixedLM fallback),440
Unmet needs,alpha2,9.23864,0.707681,5.96e-39,OLS, seed-clustered SE (MixedLM fallback),440
Unmet needs,config,-0.668593,0.178226,0.000176,OLS, seed-clustered SE (MixedLM fallback),440
Unmet needs,alpha:config,4.83277,0.748109,1.05e-10,OLS, seed-clustered SE (MixedLM fallback),440
Unmet needs,alpha2:config,-6.47197,0.831016,6.81e-15,OLS, seed-clustered SE (MixedLM fallback),440
Precision (exploit),Intercept,-0.0824011,0.187315,0.66,MixedLM (random intercept per seed),440
Precision (exploit),alpha,0.189414,0.515194,0.713,MixedLM (random intercept per seed),440
Precision (exploit),alpha2,-0.894349,0.496205,0.0715,MixedLM (random intercept per seed),440
Precision (exploit),config,0.564699,0.1566,0.000311,MixedLM (random intercept per seed),440
Precision (exploit),alpha:config,0.272555,0.728594,0.708,MixedLM (random intercept per seed),440
Precision (exploit),alpha2:config,-0.284411,0.70174,0.685,MixedLM (random intercept per seed),440
Precision (explor),Intercept,-0.0293494,0.0184403,0.111,OLS, seed-clustered SE (MixedLM fallback),440
Precision (explor),alpha,5.30567,0.190008,1.39e-171,OLS, seed-clustered SE (MixedLM fallback),440
Precision (explor),alpha2,-7.95866,0.29414,3.12e-161,OLS, seed-clustered SE (MixedLM fallback),440
Precision (explor),config,0.257322,0.0316033,3.88e-16,OLS, seed-clustered SE (MixedLM fallback),440
Precision (explor),alpha:config,-2.78526,0.327147,1.68e-17,OLS, seed-clustered SE (MixedLM fallback),440
Precision (explor),alpha2:config,4.16972,0.483543,6.51e-18,OLS, seed-clustered SE (MixedLM fallback),440
